fuente,dur_h,anio,mm,fecha
era5,3,1940,20.8,1940-06-12
era5,3,1941,16.9,1941-05-11
era5,3,1942,27.0,1942-01-23
era5,3,1943,27.3,1943-10-12
era5,3,1944,35.2,1944-01-01
era5,3,1945,18.3,1945-07-17
era5,3,1946,25.0,1946-09-12
era5,3,1947,22.1,1947-03-04
era5,3,1948,34.8,1948-05-06
era5,3,1949,22.9,1949-01-02
era5,3,1950,21.0,1950-04-10
era5,3,1951,34.7,1951-01-11
era5,3,1952,55.2,1952-01-18
era5,3,1953,26.4,1953-07-16
era5,3,1954,35.5,1954-01-22
era5,3,1955,31.9,1955-03-24
era5,3,1956,19.8,1956-03-10
era5,3,1957,28.2,1957-10-06
era5,3,1958,26.7,1958-01-07
era5,3,1959,27.4,1959-04-01
era5,3,1960,20.7,1960-10-06
era5,3,1961,39.1,1961-01-09
era5,3,1962,26.4,1962-03-24
era5,3,1963,23.5,1963-03-06
era5,3,1964,29.6,1964-12-10
era5,3,1965,26.6,1965-04-07
era5,3,1966,31.8,1966-01-20
era5,3,1967,35.4,1967-10-10
era5,3,1968,26.2,1968-12-12
era5,3,1969,30.6,1969-03-24
era5,3,1970,27.5,1970-09-18
era5,3,1971,28.1,1971-01-23
era5,3,1972,20.0,1972-09-15
era5,3,1973,28.4,1973-02-24
era5,3,1974,31.7,1974-01-05
era5,3,1975,36.1,1975-02-14
era5,3,1976,32.4,1976-11-27
era5,3,1977,38.2,1977-02-21
era5,3,1978,48.1,1978-11-18
era5,3,1979,27.0,1979-06-23
era5,3,1980,27.2,1980-05-13
era5,3,1981,22.2,1981-12-20
era5,3,1982,26.7,1982-10-22
era5,3,1983,34.3,1983-02-20
era5,3,1984,38.3,1984-02-28
era5,3,1985,26.2,1985-04-01
era5,3,1986,30.6,1986-11-26
era5,3,1987,28.7,1987-02-25
era5,3,1988,21.5,1988-12-19
era5,3,1989,20.8,1989-08-19
era5,3,1990,40.6,1990-01-29
era5,3,1991,31.7,1991-10-22
era5,3,1992,21.3,1992-01-01
era5,3,1993,31.1,1993-04-14
era5,3,1994,29.6,1994-12-13
era5,3,1995,31.2,1995-10-03
era5,3,1996,32.1,1996-02-23
era5,3,1997,26.1,1997-01-07
era5,3,1998,35.2,1998-01-27
era5,3,1999,29.0,1999-02-06
era5,3,2000,28.5,2000-09-08
era5,3,2001,47.6,2001-02-10
era5,3,2002,33.3,2002-03-16
era5,3,2003,30.6,2003-09-23
era5,3,2004,41.9,2004-01-31
era5,3,2005,19.1,2005-08-23
era5,3,2006,26.8,2006-12-16
era5,3,2007,25.7,2007-03-29
era5,3,2008,24.4,2008-01-16
era5,3,2009,30.6,2009-10-10
era5,3,2010,26.4,2010-01-12
era5,3,2011,27.4,2011-11-09
era5,3,2012,26.2,2012-04-04
era5,3,2013,35.1,2013-03-02
era5,3,2014,41.0,2014-02-02
era5,3,2015,35.4,2015-07-31
era5,3,2016,42.4,2016-04-02
era5,3,2017,31.7,2017-01-03
era5,3,2018,29.5,2018-12-17
era5,3,2019,46.2,2019-12-31
era5,3,2020,25.1,2020-01-15
era5,3,2021,19.2,2021-03-25
era5,3,2022,27.4,2022-02-27
era5,3,2023,29.0,2023-05-24
era5,3,2024,26.2,2024-03-11
era5,3,2025,28.9,2025-09-20
era5,24,1940,44.3,1940-06-13
era5,24,1941,56.7,1941-11-24
era5,24,1942,88.8,1942-02-13
era5,24,1943,58.9,1943-03-26
era5,24,1944,42.3,1944-02-14
era5,24,1945,45.3,1945-04-11
era5,24,1946,74.4,1946-04-08
era5,24,1947,53.3,1947-03-04
era5,24,1948,126.4,1948-05-06
era5,24,1949,41.8,1949-04-09
era5,24,1950,35.2,1950-08-28
era5,24,1951,69.1,1951-06-23
era5,24,1952,104.7,1952-01-19
era5,24,1953,48.0,1953-04-17
era5,24,1954,80.0,1954-09-02
era5,24,1955,88.5,1955-02-18
era5,24,1956,78.7,1956-03-10
era5,24,1957,76.5,1957-04-12
era5,24,1958,71.9,1958-02-14
era5,24,1959,73.6,1959-02-27
era5,24,1960,46.7,1960-03-31
era5,24,1961,73.4,1961-12-16
era5,24,1962,55.7,1962-03-25
era5,24,1963,55.8,1963-08-28
era5,24,1964,51.4,1964-02-06
era5,24,1965,69.3,1965-04-07
era5,24,1966,64.0,1966-03-17
era5,24,1967,91.3,1967-10-10
era5,24,1968,55.2,1968-12-12
era5,24,1969,88.9,1969-03-25
era5,24,1970,61.7,1970-09-18
era5,24,1971,75.9,1971-01-23
era5,24,1972,55.8,1972-02-08
era5,24,1973,81.8,1973-02-24
era5,24,1974,53.0,1974-01-25
era5,24,1975,71.9,1975-01-10
era5,24,1976,80.2,1976-10-14
era5,24,1977,68.3,1977-02-21
era5,24,1978,65.6,1978-11-18
era5,24,1979,67.7,1979-03-05
era5,24,1980,72.8,1980-03-23
era5,24,1981,80.6,1981-02-01
era5,24,1982,99.2,1982-03-26
era5,24,1983,60.8,1983-02-20
era5,24,1984,88.6,1984-02-11
era5,24,1985,71.4,1985-04-02
era5,24,1986,84.3,1986-04-24
era5,24,1987,74.9,1987-03-30
era5,24,1988,74.9,1988-03-23
era5,24,1989,49.7,1989-08-19
era5,24,1990,97.8,1990-01-30
era5,24,1991,110.9,1991-10-22
era5,24,1992,83.6,1992-01-01
era5,24,1993,88.4,1993-01-25
era5,24,1994,77.8,1994-04-05
era5,24,1995,69.2,1995-10-04
era5,24,1996,56.2,1996-11-06
era5,24,1997,56.9,1997-01-07
era5,24,1998,85.0,1998-01-27
era5,24,1999,99.1,1999-02-07
era5,24,2000,68.9,2000-10-03
era5,24,2001,78.6,2001-10-08
era5,24,2002,74.6,2002-03-16
era5,24,2003,61.9,2003-11-11
era5,24,2004,95.9,2004-01-31
era5,24,2005,82.8,2005-08-23
era5,24,2006,59.9,2006-01-15
era5,24,2007,91.9,2007-02-17
era5,24,2008,38.9,2008-01-16
era5,24,2009,61.6,2009-11-29
era5,24,2010,71.3,2010-02-06
era5,24,2011,62.7,2011-10-07
era5,24,2012,72.6,2012-10-30
era5,24,2013,79.4,2013-03-02
era5,24,2014,98.6,2014-02-02
era5,24,2015,94.6,2015-08-10
era5,24,2016,92.0,2016-04-02
era5,24,2017,112.9,2017-04-10
era5,24,2018,59.7,2018-09-29
era5,24,2019,121.6,2019-12-31
era5,24,2020,42.8,2020-10-22
era5,24,2021,53.5,2021-05-22
era5,24,2022,93.0,2022-02-27
era5,24,2023,60.2,2023-05-26
era5,24,2024,59.2,2024-12-01
era5,24,2025,85.7,2025-08-19
era5,72,1940,70.6,1940-04-06
era5,72,1941,105.0,1941-11-25
era5,72,1942,166.5,1942-02-13
era5,72,1943,74.2,1943-03-28
era5,72,1944,58.7,1944-09-24
era5,72,1945,47.7,1945-04-08
era5,72,1946,83.2,1946-04-10
era5,72,1947,68.0,1947-02-04
era5,72,1948,156.3,1948-05-08
era5,72,1949,71.6,1949-05-27
era5,72,1950,65.8,1950-08-29
era5,72,1951,94.4,1951-06-24
era5,72,1952,117.4,1952-01-20
era5,72,1953,66.5,1953-04-19
era5,72,1954,86.5,1954-09-02
era5,72,1955,101.9,1955-03-24
era5,72,1956,96.8,1956-03-10
era5,72,1957,127.8,1957-10-07
era5,72,1958,108.1,1958-02-14
era5,72,1959,118.7,1959-04-02
era5,72,1960,73.1,1960-03-30
era5,72,1961,73.6,1961-12-16
era5,72,1962,79.6,1962-03-25
era5,72,1963,81.3,1963-02-18
era5,72,1964,104.4,1964-03-23
era5,72,1965,80.1,1965-08-11
era5,72,1966,128.3,1966-03-17
era5,72,1967,174.9,1967-10-11
era5,72,1968,73.0,1968-12-14
era5,72,1969,89.6,1969-03-27
era5,72,1970,61.7,1970-09-18
era5,72,1971,80.9,1971-01-24
era5,72,1972,86.4,1972-12-25
era5,72,1973,99.4,1973-03-17
era5,72,1974,59.1,1974-01-06
era5,72,1975,86.8,1975-02-14
era5,72,1976,100.3,1976-04-19
era5,72,1977,90.9,1977-02-23
era5,72,1978,124.1,1978-03-17
era5,72,1979,89.4,1979-03-06
era5,72,1980,123.4,1980-03-25
era5,72,1981,82.8,1981-02-01
era5,72,1982,100.4,1982-03-26
era5,72,1983,61.5,1983-02-21
era5,72,1984,140.2,1984-02-13
era5,72,1985,72.6,1985-04-03
era5,72,1986,89.2,1986-04-24
era5,72,1987,110.1,1987-03-31
era5,72,1988,134.4,1988-03-27
era5,72,1989,89.7,1989-08-21
era5,72,1990,158.9,1990-01-30
era5,72,1991,114.8,1991-10-23
era5,72,1992,113.7,1992-01-02
era5,72,1993,122.3,1993-04-20
era5,72,1994,123.2,1994-04-06
era5,72,1995,69.2,1995-10-04
era5,72,1996,68.9,1996-11-09
era5,72,1997,92.5,1997-08-17
era5,72,1998,85.7,1998-01-27
era5,72,1999,99.1,1999-02-07
era5,72,2000,119.1,2000-04-10
era5,72,2001,130.1,2001-10-28
era5,72,2002,97.5,2002-03-18
era5,72,2003,86.3,2003-04-19
era5,72,2004,98.1,2004-02-02
era5,72,2005,87.5,2005-08-24
era5,72,2006,82.9,2006-01-12
era5,72,2007,153.7,2007-03-30
era5,72,2008,47.0,2008-05-23
era5,72,2009,80.6,2009-12-26
era5,72,2010,92.7,2010-02-04
era5,72,2011,66.0,2011-10-09
era5,72,2012,84.2,2012-08-18
era5,72,2013,79.4,2013-03-02
era5,72,2014,123.5,2014-02-04
era5,72,2015,116.1,2015-08-10
era5,72,2016,109.9,2016-04-04
era5,72,2017,141.7,2017-04-10
era5,72,2018,78.3,2018-11-13
era5,72,2019,153.6,2019-10-12
era5,72,2020,124.2,2020-01-01
era5,72,2021,67.7,2021-05-22
era5,72,2022,109.0,2022-02-27
era5,72,2023,98.4,2023-05-26
era5,72,2024,103.3,2024-03-14
era5,72,2025,95.6,2025-08-20
chirps,24,1981,49.6,1981-11-14
chirps,24,1982,121.2,1982-09-16
chirps,24,1983,34.5,1983-03-16
chirps,24,1984,41.4,1984-06-08
chirps,24,1985,82.0,1985-05-31
chirps,24,1986,138.6,1986-04-23
chirps,24,1987,73.5,1987-03-24
chirps,24,1988,139.4,1988-03-27
chirps,24,1989,113.6,1989-04-09
chirps,24,1990,112.5,1990-04-15
chirps,24,1991,71.6,1991-03-20
chirps,24,1992,48.3,1992-05-09
chirps,24,1993,72.2,1993-02-07
chirps,24,1994,83.1,1994-04-03
chirps,24,1995,81.1,1995-04-28
chirps,24,1996,62.4,1996-11-06
chirps,24,1997,57.0,1997-01-07
chirps,24,1998,42.0,1998-04-06
chirps,24,1999,51.7,1999-03-07
chirps,24,2000,57.9,2000-10-22
chirps,24,2001,55.5,2001-01-26
chirps,24,2002,56.2,2002-12-28
chirps,24,2003,88.2,2003-02-15
chirps,24,2004,48.1,2004-04-22
chirps,24,2005,57.7,2005-01-30
chirps,24,2006,65.6,2006-12-17
chirps,24,2007,57.2,2007-03-01
chirps,24,2008,48.5,2008-10-12
chirps,24,2009,60.8,2009-10-11
chirps,24,2010,61.2,2010-02-04
chirps,24,2011,65.7,2011-06-17
chirps,24,2012,47.6,2012-12-06
chirps,24,2013,81.3,2013-09-07
chirps,24,2014,67.8,2014-06-12
chirps,24,2015,43.1,2015-11-12
chirps,24,2016,46.1,2016-02-19
chirps,24,2017,64.8,2017-04-08
chirps,24,2018,75.7,2018-12-11
chirps,24,2019,48.1,2019-06-17
chirps,24,2020,64.6,2020-01-15
chirps,24,2021,53.5,2021-03-25
chirps,24,2022,51.0,2022-02-27
chirps,24,2023,79.9,2023-05-26
chirps,24,2024,92.2,2024-03-14
chirps,24,2025,75.5,2025-08-19
chirps,72,1981,89.2,1981-05-13
chirps,72,1982,136.4,1982-09-17
chirps,72,1983,72.6,1983-10-16
chirps,72,1984,82.4,1984-02-28
chirps,72,1985,85.8,1985-11-12
chirps,72,1986,138.6,1986-04-23
chirps,72,1987,110.3,1987-03-24
chirps,72,1988,183.9,1988-03-27
chirps,72,1989,113.6,1989-04-09
chirps,72,1990,145.5,1990-04-17
chirps,72,1991,88.5,1991-12-11
chirps,72,1992,96.3,1992-05-11
chirps,72,1993,96.3,1993-02-07
chirps,72,1994,138.5,1994-04-05
chirps,72,1995,104.4,1995-04-08
chirps,72,1996,87.3,1996-11-07
chirps,72,1997,85.5,1997-01-08
chirps,72,1998,77.6,1998-03-07
chirps,72,1999,78.0,1999-02-07
chirps,72,2000,154.4,2000-05-16
chirps,72,2001,114.5,2001-10-28
chirps,72,2002,91.7,2002-05-13
chirps,72,2003,88.2,2003-02-15
chirps,72,2004,71.9,2004-01-31
chirps,72,2005,92.3,2005-01-30
chirps,72,2006,94.4,2006-01-16
chirps,72,2007,99.2,2007-03-30
chirps,72,2008,79.4,2008-03-22
chirps,72,2009,85.4,2009-03-04
chirps,72,2010,121.8,2010-02-06
chirps,72,2011,65.7,2011-06-17
chirps,72,2012,98.5,2012-10-22
chirps,72,2013,85.5,2013-09-07
chirps,72,2014,101.5,2014-04-07
chirps,72,2015,94.5,2015-11-19
chirps,72,2016,64.5,2016-02-19
chirps,72,2017,107.9,2017-04-09
chirps,72,2018,112.3,2018-11-12
chirps,72,2019,91.4,2019-12-30
chirps,72,2020,82.4,2020-09-27
chirps,72,2021,66.5,2021-05-22
chirps,72,2022,71.5,2022-01-18
chirps,72,2023,127.5,2023-05-26
chirps,72,2024,230.6,2024-03-14
chirps,72,2025,140.8,2025-05-18
