tipo,id,fecha,era5_24,era5_72,chirps_24,chirps_72
historicos,1967-10-11_era5,1967-10-11,91.3,174.9,,
historicos,1942-02-13_era5,1942-02-13,88.8,166.5,,
historicos,1990-01-30_era5,1990-01-30,97.8,158.9,54.9,142.8
historicos,1948-05-08_era5,1948-05-08,126.4,156.3,,
historicos,2007-03-30_era5,2007-03-30,87.5,153.7,43.4,99.2
historicos,2019-10-12_era5,2019-10-12,104.0,153.6,36.7,69.8
historicos,2017-04-10_era5,2017-04-10,112.9,141.7,64.8,86.3
historicos,1984-02-13_era5,1984-02-13,88.6,140.2,30.5,81.4
historicos,1984-02-28_era5,1984-02-28,80.5,138.7,36.0,82.4
historicos,1988-03-27_era5,1988-03-27,74.4,134.4,139.4,183.9
sentinel,2019-10-12_era5,2019-10-12,104.0,153.6,36.7,69.8
sentinel,2017-04-10_era5,2017-04-10,112.9,141.7,64.8,86.3
sentinel,2019-12-31_era5,2019-12-31,121.6,126.7,40.6,50.8
sentinel,2015-08-10_era5,2015-08-10,94.6,116.1,32.6,60.5
sentinel,2016-04-04_era5,2016-04-04,92.0,109.9,29.5,35.4
sentinel,2022-02-27_era5,2022-02-27,93.0,109.0,51.0,61.2
sentinel,2024-03-14_era5,2024-03-14,38.6,103.3,92.2,230.6
sentinel,2014-10-29_era5,2014-10-29,90.4,103.0,49.9,71.2
sentinel,2016-12-26_era5,2016-12-26,77.1,99.6,35.8,61.8
sentinel,2023-05-26_era5,2023-05-26,60.2,98.4,79.9,127.5
