fuente,dur_h,T,mm,lo,hi
era5,3,2,28.5,27.4,29.7
era5,3,5,34.9,33.1,36.7
era5,3,10,39.1,36.6,41.4
era5,3,25,44.3,40.9,47.3
era5,3,50,48.3,44.3,51.9
era5,3,100,52.2,47.8,56.1
era5,24,2,69.5,66.3,72.8
era5,24,5,86.4,82.1,90.4
era5,24,10,97.5,92.3,102.5
era5,24,25,111.6,104.7,117.9
era5,24,50,122.1,114.3,129.7
era5,24,100,132.5,123.4,141.2
era5,72,2,93.2,88.6,97.9
era5,72,5,117.5,111.2,123.7
era5,72,10,133.7,125.3,141.4
era5,72,25,154.1,143.4,163.6
era5,72,50,169.2,157.1,181.1
era5,72,100,184.2,169.9,197.9
chirps,24,2,64.6,59.5,70.1
chirps,24,5,86.4,75.7,94.8
chirps,24,10,100.7,87.1,112.8
chirps,24,25,118.9,100.9,133.9
chirps,24,50,132.4,112.2,149.2
chirps,24,100,145.8,121.0,165.8
chirps,72,2,97.9,91.7,105.0
chirps,72,5,126.5,111.0,139.4
chirps,72,10,145.5,125.0,163.5
chirps,72,25,169.4,141.7,193.2
chirps,72,50,187.2,155.6,217.5
chirps,72,100,204.9,167.0,238.7
