evento,descr,escena,fecha,orbita,umbral_dB,nota,pct_agua_10km,pct_agua_500m,pct_agua_lote,pct_nueva_500m,pct_nueva_lote,dB_medio_lote,dB_medio_500m,fecha_evento,momento,dias_desde_evento,dB_dif_lote,pct_500m_caida_3dB
referencia_seca,Referencia seca: verano 2023 (sequía 2022-23),S1A_IW_GRDH_1SDV_20230225T091530_20230225T091555_047390_05B052_rtc,2023-02-25,descending,-18.00,Otsu=-9.7 dB no plausible para agua; se usa umbral fijo -18 dB,0.01,0.00,0.00,,,-8.30,-9.12,,,,,
2015-08_agosto2015,Lluvias e inundaciones del 9-11 ago 2015 (norte bonaerense),SIN COBERTURA,,,,,,,,,,,,2015-08-10,,,,
2016-04_abril2016,Lluvias e inundaciones abril 2016,SIN COBERTURA,,,,,,,,,,,,2016-04-10,,,,
2024-03_marzo2024,Temporal 12 mar 2024 (AMBA / norte bonaerense),S1A_IW_GRDH_1SDV_20240303T091535_20240303T091600_052815_066446_rtc,2024-03-03,descending,-18.00,Otsu=-8.9 dB no plausible para agua; se usa umbral fijo -18 dB,0.01,0.00,0.00,0.00,0.00,-9.38,-8.12,2024-03-12,pre,-9.00,-1.08,0.36
2024-03_marzo2024,Temporal 12 mar 2024 (AMBA / norte bonaerense),SIN PASADA A TIEMPO,,,,sin pasada en 0-3 días: no se puede saber si hubo agua,,,,,,,,2024-03-12,post,,,
2025-05_mayo2025,Temporal 16-17 may 2025 (norte y oeste bonaerense),S1C_IW_GRDH_1SDV_20250515T091414_20250515T091439_002339_rtc,2025-05-15,descending,-18.00,Otsu=-9.9 dB no plausible para agua; se usa umbral fijo -18 dB,0.06,0.00,0.00,0.00,0.00,-11.96,-10.21,2025-05-17,pre,-2.00,-3.67,16.16
2025-05_mayo2025,Temporal 16-17 may 2025 (norte y oeste bonaerense),SIN PASADA A TIEMPO,,,,sin pasada en 0-3 días: no se puede saber si hubo agua,,,,,,,,2025-05-17,post,,,
2026-06_junio2026,Lluvias 7-8 jun 2026,S1D_IW_GRDH_1SDV_20260604T091439_20260604T091504_003084_00555E_rtc,2026-06-04,descending,-18.00,Otsu=-10.4 dB no plausible para agua; se usa umbral fijo -18 dB,0.00,0.00,0.00,0.00,0.00,-10.49,-10.81,2026-06-08,pre,-4.00,-2.20,15.51
2026-06_junio2026,Lluvias 7-8 jun 2026,S1A_IW_GRDH_1SDV_20260609T091501_20260609T091526_064890_082D55_rtc,2026-06-09,descending,-18.00,Otsu=-8.1 dB no plausible para agua; se usa umbral fijo -18 dB,0.03,0.00,0.00,0.00,0.00,-5.57,-6.76,2026-06-08,post,1.00,2.73,0.21
