variable,ign30,glo30,fabdem (primario)
dem_label,IGN MDE-Ar v2.1 30 m,Copernicus DEM GLO-30,FABDEM v1.2 (GLO-30 sin árboles/edificios)
vdatum,SRVN16 (IGN),EGM2008,EGM2008
res_m,30.0,30.0,30.0
n_celdas_lote,25,25,25
z_min_lote,33.65972900390625,35.54475021362305,35.69922637939453
z_max_lote,36.57280731201172,36.64946365356445,36.52518844604492
z_mean_lote,35.2407682800293,35.94546890258789,36.01710327148437
z_min_aoi,33.037208557128906,34.22834014892578,35.005767822265625
z_max_aoi,53.429447174072266,44.17824172973633,42.375274658203125
hand_min_lote,0.0,1.0126385773437505,0.5723342895507812
hand_max_lote,2.759351334716918,2.1173520172851568,1.3982963562011719
hand_mean_lote,1.1250614205664327,1.4133572663085943,0.890211181640625
hand_mean_aoi,2.900093629284354,1.9475061659415789,1.5284790798650145
pct_aoi_hand_le1,21.360255047821468,34.00637619553667,48.24654622741764
pct_aoi_hand_le2,45.58979808714134,63.76195536663124,71.94473963868225
slope_mean_lote_pct,2.141273324931641,0.5808862406987325,0.5058114555677585
slope_mean_aoi_pct,3.226770248793489,1.2463099510409787,0.8040155121818876
d8_dominante_lote,W,NW,N
direccion_salida_flowpath,N (0°),NE (29°),NE (34°)
dist_euclid_red_05km2_m,0.0,148.22820417960094,133.86599356475415
dist_euclid_red_2km2_m,63.37539043721522,148.22820417960094,133.86599356475415
dist_flujo_red_05km2_m,0.0,362.13203435596427,319.7056274847714
z_cauce_mas_cercano,33.81375697729479,34.840144140478515,35.505943298339844
salto_lote_min_vs_cauce_m,0.0,0.7046060731445323,0.1932830810546875
lote_intersecta_depresion,True,False,False
sink_depth_max_lote_m,1.521733045578003,0.0,0.0
n_depresiones_aoi,19,23,2
depresion_aoi_prof_max_m,3.134974718093872,0.778325080871582,0.012604244984686375
facc_max_lote_ha,151.65,4.86,3.33
cuenca_celda_mas_baja_ha,151.65,4.86,0.99
cuenca_todo_el_lote_ha,152.01,7.2,9.45
dem_rough_std_m,0.8032048298554049,0.6106791145694596,0.24039189850300974
dem_pits_per_km2,26.705344154317913,47.99004855021772,1.5827001976819222
osm_dist_med_05km2_m,54.650365035211635,16.512532846396386,24.003057720605284
osm_dist_p90_05km2_m,363.20292693381447,363.1261478865421,358.5676016065717
osm_pct_within_100m_05km2,72.03032855939342,82.22409435551812,81.76074136478518
